,BRPRE1M=BMF,BRPRE2M=BMF,BRPRE3M=BMF,BRPRE4M=BMF,BRPRE5M=BMF,BRPRE6M=BMF,BRPRE7M=BMF,BRPRE8M=BMF,BRPRE9M=BMF,BRPRE10M=BMF,BRPRE11M=BMF,BRPRE1Y=BMF,BRPRE2Y=BMF,BRPRE3Y=BMF,BRPRE4Y=BMF,BRPRE5Y=BMF,BRPRE6Y=BMF,BRPRE7Y=BMF,BRPRE8Y=BMF,BRPRE9Y=BMF,BRPRE10Y=BMF
2022-10-31,0.13659000000000002,0.1367,0.13688,0.13699,0.13699,0.13672,0.13656000000000001,0.13605,0.13482,0.13388,0.13286,0.1313,0.11807000000000001,0.11481999999999999,0.11495,0.11537000000000001,0.11619,0.11676,0.11718,0.11718999999999999,0.11747999999999999
2022-09-30,0.13668,0.13682,0.13689,0.13762,0.13654,0.13688,0.13678,0.13608,0.13558,0.1348,0.13341,0.13244999999999998,0.11938,0.11612,0.11669,0.11731,0.11843999999999999,0.11913,0.11949,0.11941,0.11964000000000001
2022-08-31,0.13673,0.13708,0.13743,0.13745,0.13754,0.1376,0.13749,0.13774,0.13738,0.13673,0.13613,0.13526,0.12375,0.11913,0.11898,0.11869,0.11989000000000001,0.12022000000000001,0.12065,0.1206,0.12099
2022-07-31,0.13513,0.13619,0.13724,0.13796,0.13836,0.13879,0.13894,0.13915,0.13915,0.13916,0.13877,0.13823,0.13064,0.12714,0.12737,0.12863,0.12819,0.12925,0.12952,0.12958999999999998,0.1298
2022-06-30,0.13144,0.1333,0.13479,0.13593,0.13701,0.13782,0.13877,0.139,0.13923,0.13963,0.13971,0.13923,0.13231,0.12781,0.12699,0.12912,0.12815,0.12958,0.12956,0.12963,0.12948
2022-05-31,0.12863,0.13026,0.13171,0.13243,0.13336,0.13398,0.13406,0.13492,0.13501,0.13495,0.135,0.13497,0.12738,0.12327,0.1219,0.12240999999999999,0.12281,0.12355000000000001,0.12394999999999999,0.12437,0.12451000000000001
2022-04-30,0.12403,0.1263,0.12795,0.12905,0.12960000000000002,0.13015000000000002,0.1305,0.13032,0.13092,0.12999,0.13041,0.13075,0.12442,0.11951,0.11839000000000001,0.11799,0.11909,0.11974,0.12019,0.12104,0.12103
2022-03-31,0.11635,0.12044,0.12296,0.12429,0.12544,0.12652,0.12705,0.12755,0.12773,0.12808999999999998,0.12811,0.12777,0.12002,0.11452,0.11287000000000001,0.11332,0.11385999999999999,0.1153,0.11591,0.11606,0.11628
2022-02-28,0.11112999999999999,0.11365,0.11678000000000001,0.11914999999999999,0.12112,0.12261,0.12351000000000001,0.1244,0.12452,0.12473000000000001,0.12474,0.12472,0.11882,0.11392,0.11324,0.11285,0.11375,0.11505000000000001,0.11566000000000001,0.11602,0.11634
2022-01-31,0.10278999999999999,0.10795,0.11112,0.11487,0.11715,0.11834,0.11988,0.12115999999999999,0.12174,0.12168,0.12237999999999999,0.12289,0.11757999999999999,0.11353999999999999,0.11316000000000001,0.11372,0.1139,0.11432,0.11352000000000001,0.11461,0.11502000000000001
2021-12-31,0.0916,0.09748,0.1027,0.10635,0.10980000000000001,0.11225,0.114,0.11577,0.11689999999999999,0.11735,0.11785,0.11775000000000001,0.10984,0.10595,0.10514,0.10575,0.10615000000000001,0.10715999999999999,0.10729,0.10707000000000001,0.10674
2021-11-30,0.08685000000000001,0.08987,0.09498,0.10028000000000001,0.10461000000000001,0.10845,0.11127000000000001,0.11373,0.11615,0.11654,0.11785999999999999,0.11842000000000001,0.11728,0.11592000000000001,0.11498,0.11548,0.1158,0.11581,0.1173,0.11542,0.1149
2021-10-31,0.07647,0.08346,0.08807000000000001,0.09435,0.10119,0.10579000000000001,0.11079,0.11401,0.11656000000000001,0.11866,0.12016,0.12106,0.12387000000000001,0.12298,0.12239000000000001,0.12264,0.12298,0.12291,0.12266,0.12255,0.12252
2021-09-30,0.062220000000000004,0.0665,0.07157,0.07479,0.07765,0.08062,0.08255000000000001,0.08453,0.08601,0.08726,0.08859,0.08917,0.09724000000000001,0.10135,0.10368000000000001,0.10522999999999999,0.10691,0.10811,0.10917,0.10994999999999999,0.11001
2021-08-31,0.05388,0.05787,0.06245,0.06707,0.07039,0.07302,0.07526,0.07727,0.07805,0.07957,0.0808,0.0817,0.08924,0.09300000000000001,0.09455,0.09686,0.09849999999999999,0.10003000000000001,0.1008,0.10169,0.10223
2021-07-31,0.04896,0.05168999999999999,0.05496,0.05857999999999999,0.061810000000000004,0.06472,0.06659,0.06833,0.06972,0.0711,0.07203999999999999,0.0729,0.07979,0.08288000000000001,0.08483,0.08663,0.08832000000000001,0.08949,0.0907,0.09179999999999999,0.09272999999999999
2021-06-30,0.041449999999999994,0.04501,0.04759,0.05015,0.05315,0.055999999999999994,0.05815000000000001,0.06008,0.06156,0.06268,0.06405999999999999,0.06498,0.07328,0.07778,0.08114,0.08295999999999999,0.08503,0.08653000000000001,0.08769,0.08889,0.09014
2021-05-31,0.0371,0.03939,0.042089999999999995,0.044059999999999995,0.04614,0.0483,0.0504,0.052489999999999995,0.0541,0.05558,0.05684,0.0584,0.07001,0.07605,0.08003,0.08314,0.08574,0.08798,0.08887,0.09019,0.09131
2021-04-30,0.03205,0.03467,0.03693,0.03936,0.04102,0.04276,0.04442,0.046150000000000004,0.04795,0.04929,0.050839999999999996,0.05213,0.06551,0.07363,0.07848,0.08194000000000001,0.08446,0.08578,0.08799,0.08935,0.08862
2021-03-31,0.026469999999999997,0.02992,0.03319,0.03588,0.03853,0.04076,0.04245,0.0446,0.0466,0.04883,0.050300000000000004,0.05195,0.06796,0.07684,0.08172,0.08468,0.08821,0.08989000000000001,0.09095,0.09153,0.09198
2021-02-28,0.020870000000000003,0.02188,0.02346,0.02559,0.02781,0.02943,0.031120000000000002,0.03276,0.03472,0.03625,0.0385,0.040069999999999995,0.056749999999999995,0.06691,0.07297,0.07551000000000001,0.07863,0.08102999999999999,0.08213,0.08287000000000001,0.0857
2021-01-31,0.01906,0.01956,0.020550000000000002,0.021629999999999996,0.02319,0.025009999999999998,0.026920000000000003,0.02852,0.03017,0.03173,0.03335,0.03501,0.05016,0.05946,0.06480000000000001,0.06796,0.07127,0.07453,0.07566,0.07801,0.07857
2020-12-31,0.0192,0.01926,0.019450000000000002,0.02,0.02045,0.020950000000000003,0.02205,0.02326,0.02472,0.02606,0.02726,0.02879,0.04215,0.05122,0.05673,0.06101,0.06457,0.06709999999999999,0.06926,0.07058,0.07271
2020-11-30,0.019299999999999998,0.01966,0.02008,0.02083,0.0216,0.022959999999999998,0.02421,0.0258,0.027389999999999998,0.028900000000000002,0.03024,0.03113,0.04853,0.06002,0.0668,0.07116,0.07497,0.07771,0.07965,0.08164999999999999,0.08327999999999999
2020-10-31,0.019039999999999998,0.01957,0.020259999999999997,0.02084,0.02176,0.022799999999999997,0.02423,0.025619999999999997,0.027389999999999998,0.02905,0.030590000000000003,0.031939999999999996,0.04859,0.06007,0.06709999999999999,0.07156,0.07545,0.07815,0.08016,0.08155,0.08317999999999999
2020-09-30,0.01922,0.01959,0.019950000000000002,0.02093,0.02152,0.02253,0.02329,0.02428,0.025099999999999997,0.02651,0.02782,0.028380000000000002,0.043,0.056280000000000004,0.06469,0.06974999999999999,0.07484,0.07893,0.08085,0.08327,0.08414999999999999
2020-08-31,0.019039999999999998,0.01934,0.01974,0.01985,0.020259999999999997,0.02086,0.02128,0.0217,0.02226,0.023039999999999998,0.02414,0.024990000000000002,0.0369,0.047880000000000006,0.05644999999999999,0.062110000000000005,0.06662,0.07059,0.07292,0.07440000000000001,0.07617
2020-07-31,0.01975,0.01949,0.01927,0.0192,0.0191,0.01922,0.01955,0.020259999999999997,0.02069,0.02116,0.021869999999999997,0.022719999999999997,0.032690000000000004,0.04228,0.04999,0.05511,0.059640000000000006,0.06379,0.0662,0.06764,0.06922
2020-06-30,0.02149,0.021070000000000002,0.02081,0.02075,0.02075,0.020710000000000003,0.02101,0.021110000000000004,0.022019999999999998,0.022629999999999997,0.02319,0.02391,0.0356,0.04625,0.05466,0.06046,0.06648,0.06905,0.07203,0.07423,0.07583999999999999
2020-05-31,0.02675,0.02465,0.02412,0.02367,0.02359,0.02375,0.023700000000000002,0.02392,0.02418,0.02496,0.02521,0.026000000000000002,0.03755,0.04853,0.05701,0.06283,0.06784,0.07212,0.07488,0.07699,0.07843
2020-04-30,0.03257,0.030830000000000003,0.02993,0.02952,0.028919999999999998,0.028849999999999997,0.028650000000000002,0.02806,0.028690000000000004,0.02867,0.02936,0.030019999999999998,0.0406,0.051609999999999996,0.060270000000000004,0.06791,0.07225,0.07498,0.07848,0.0803,0.08174
2020-03-31,0.0365,0.03506,0.03385,0.033170000000000005,0.032959999999999996,0.03276,0.03261,0.03245,0.03275,0.0327,0.03338,0.034249999999999996,0.04436,0.05635,0.06288,0.0699,0.07291,0.07758,0.07953,0.08103999999999999,0.08109999999999999
2020-02-29,0.041429999999999995,0.0414,0.04137,0.04119,0.041449999999999994,0.0412,0.04135,0.04122,0.041749999999999995,0.04165,0.04186,0.04227,0.04828,0.053869999999999994,0.058600000000000006,0.06304,0.06418,0.06704,0.06795,0.06992,0.07006
2020-01-31,0.04261,0.04216,0.04202,0.041909999999999996,0.04184,0.04208,0.04239,0.04249,0.04293,0.0432,0.043570000000000005,0.044020000000000004,0.05039,0.05543,0.059640000000000006,0.062329999999999997,0.06429,0.06624,0.06808,0.06903,0.07005
2019-12-31,0.044109999999999996,0.04367,0.043449999999999996,0.0435,0.04336,0.043289999999999995,0.04367,0.044000000000000004,0.044349999999999994,0.044800000000000006,0.045279999999999994,0.045860000000000005,0.053239999999999996,0.05884,0.06276,0.06523,0.06684999999999999,0.06861,0.06949,0.07053,0.07164
2019-11-30,0.04665,0.045599999999999995,0.0454,0.04485,0.044950000000000004,0.0447,0.0447,0.04462,0.04553,0.04561,0.04611,0.04656,0.053040000000000004,0.05849,0.06236,0.06494,0.06688,0.0684,0.07104,0.07091,0.07237
2019-10-31,0.048940000000000004,0.04715,0.04612,0.04543,0.04382,0.043949999999999996,0.04337,0.04305,0.04317,0.043179999999999996,0.04282,0.042809999999999994,0.047270000000000006,0.0527,0.05704,0.05987,0.06173,0.06396,0.06609,0.06669,0.06758
2019-09-30,0.05394,0.05195,0.0506,0.04952,0.049089999999999995,0.04874,0.04854,0.04841,0.04835,0.04851,0.04851,0.04873,0.05457,0.05958,0.0639,0.06623,0.06803,0.06966,0.07121000000000001,0.0724,0.07296
2019-08-31,0.05782,0.05647,0.055439999999999996,0.0548,0.05423,0.05395,0.0541,0.05393,0.053689999999999995,0.05427,0.05436,0.05465,0.060759999999999995,0.06621,0.06981,0.0718,0.07307999999999999,0.07568,0.07618,0.07723,0.07854
2019-07-31,0.06027999999999999,0.05915,0.05803,0.056760000000000005,0.0557,0.05503,0.05463,0.054290000000000005,0.0542,0.05409,0.054000000000000006,0.05392,0.05686,0.06143,0.06527999999999999,0.06776,0.06953000000000001,0.07121000000000001,0.07255,0.07384,0.0745
2019-06-30,0.064,0.0636,0.06268,0.062240000000000004,0.061,0.06016,0.059480000000000005,0.05926,0.05863,0.05887,0.05875,0.05826,0.06123,0.06549,0.06899,0.07197,0.07336999999999999,0.07507,0.07658000000000001,0.07769999999999999,0.07836
2019-05-31,0.06409,0.06405,0.06381,0.0637,0.06366,0.0635,0.06333,0.06301,0.06319,0.06284,0.06314,0.06328,0.0681,0.07325,0.0776,0.08055999999999999,0.08249000000000001,0.08434,0.08537,0.08645,0.08737
2019-04-30,0.06404,0.06413,0.06429,0.06444,0.06479,0.06471,0.06475,0.06516,0.06505,0.06535,0.066,0.06644,0.07426,0.07995000000000001,0.08403000000000001,0.08647,0.08856,0.08996,0.09161,0.09236000000000001,0.09279
2019-03-31,0.06412,0.0641,0.06419,0.0642,0.06434000000000001,0.06469,0.0647,0.06475,0.06501,0.06526,0.06556000000000001,0.06573999999999999,0.0732,0.07923,0.08320999999999999,0.08581,0.08797,0.08946,0.09140000000000001,0.09340999999999999,0.09094
2019-02-28,0.06405,0.06404,0.06415,0.06405999999999999,0.06405,0.06409,0.06434000000000001,0.0643,0.0644,0.06461,0.06471,0.06501,0.07222,0.07844999999999999,0.08272,0.08567999999999999,0.08775000000000001,0.08948,0.09077,0.09153,0.09227
2019-01-31,0.06405999999999999,0.064,0.06405,0.06401,0.06394999999999999,0.06404,0.06409,0.06396,0.06398,0.06445000000000001,0.06413,0.06417,0.0717,0.07887,0.08338,0.08637,0.08877,0.09063,0.09169000000000001,0.09301999999999999,0.09369
2018-12-31,0.06405,0.0642,0.06434999999999999,0.06475,0.0644,0.06445000000000001,0.06455,0.06461,0.06486,0.06512,0.06534,0.06566,0.07395,0.08099,0.08546,0.08875999999999999,0.090798,0.092645,0.09356,,0.094674
2018-11-30,0.06411,0.06437999999999999,0.06455,0.06466,0.06507,0.06541999999999999,0.06581000000000001,0.06609,0.06683,0.06768,0.06858,0.06932,0.07905000000000001,0.08638,0.09111000000000001,0.09407,0.09420400000000001,0.09648799999999999,0.097148,,0.09855399999999999
2018-10-31,0.06409,0.06434000000000001,0.06461,0.06474,0.06530999999999999,0.0658,0.06634999999999999,0.06687,0.06779,0.06854,0.06955,0.07058,0.08021,0.08739000000000001,0.0919,0.09497,0.096637,0.099245,0.100135,,0.10193300000000001
2018-09-30,0.0641,0.06504,0.0667,0.06847,0.07014000000000001,0.07127,0.0727,0.07439,0.07564,0.07728,0.07837,0.07957,0.09231,0.10242000000000001,0.10843,0.113,0.117522,0.119477,0.120514,,0.122304
2018-08-31,0.06459,0.0654,0.06759,0.0693,0.07150000000000001,0.0735,0.07526,0.07661,0.07826,0.08025,0.08118,0.0827,0.09609999999999999,0.10634,0.11396,0.11864000000000001,0.12075100000000001,0.122992,0.124167,,0.126205
2018-07-31,0.06404,0.06423,0.06469,0.06536,0.0662,0.06756999999999999,0.0687,0.0696,0.07095,0.07239,0.07291,0.0739,0.08532999999999999,0.09445,0.10119,0.10490000000000001,0.10959400000000001,0.11143800000000001,0.112384,,0.114095
2018-06-30,0.06413,0.06478,0.06517,0.06605,0.06709999999999999,0.0684,0.07032,0.07297,0.07298,0.07612000000000001,0.07583000000000001,0.07703,0.08921,0.09896,0.10667,0.11134000000000001,0.11360300000000001,0.11685000000000001,0.119003,,0.121045
2018-05-31,0.06433,0.06398,0.0654,0.06578,0.06681,0.06735000000000001,0.06783,0.06891,0.0697,0.07034,0.07258,0.07287,0.08185,0.09303,0.10186,0.1082,0.11126699999999999,0.114477,0.116591,,0.118939
2018-04-30,0.06317,0.0625,0.0622,0.06216,0.062,0.06205,0.062,0.062169999999999996,0.0626,0.06283,0.06309999999999999,0.06353,0.07288,0.08198,0.08887,0.09276,0.09561199999999999,0.098107,0.09971000000000001,,0.10179600000000001
2018-03-31,0.06394,0.06355000000000001,0.063,0.06257,0.0623,0.062220000000000004,0.06202,0.063,0.062220000000000004,0.06249,0.06299,0.06312999999999999,0.07357999999999999,0.08199,0.08733,0.09078,0.093392,0.09593600000000001,0.09743399999999999,,0.09945999999999999
2018-02-28,0.0661,0.06566,0.06551,0.06536,0.0653,0.0653,0.06534,0.0655,0.06555,0.06598,0.06663999999999999,0.06722,0.07814,0.08622999999999999,0.09054000000000001,0.09369999999999999,0.095453,0.09724000000000001,0.098413,,0.100253
2018-01-31,0.06741,0.06676,0.06656,0.06647,0.06617,0.06624,0.06649,0.06663999999999999,0.0669,0.0676,0.06817999999999999,0.06897,0.0815,0.08888,0.09318,0.09541000000000001,0.097675,0.099524,0.10082100000000001,,0.10305
2017-12-31,0.069,0.06829,0.06762,0.06731,0.06702,0.06661,0.0667,0.06692000000000001,0.06724999999999999,0.0678,0.06807,0.06878000000000001,0.08124,0.09101000000000001,0.09673,0.10032,0.10231,0.104127,0.10592399999999999,,0.10763600000000001
2017-11-30,0.07056,0.0697,0.06918,0.06872,0.06831000000000001,0.06831999999999999,0.06829,0.06857,0.0687,0.0692,0.06978,0.07042,0.08361,0.09282,0.09881000000000001,0.10169,0.10476,0.10654899999999999,0.10763199999999999,,0.109474
2017-10-31,0.07394,0.0724,0.07135,0.071,0.0705,0.07023,0.07,0.0702,0.07051,0.07082,0.07123,0.07193,0.0832,0.0915,0.0965,0.09859,0.100343,0.10169299999999999,0.102492,,0.104004
2017-09-30,0.08032,0.0774,0.07533000000000001,0.0737,0.0727,0.0721,0.07148,0.07139999999999999,0.0712,0.0713,0.07136,0.07162,0.0799,0.08726,0.09227,0.09521,0.096206,0.098019,0.099387,,0.10130800000000001
2017-08-31,0.08478999999999999,0.08252000000000001,0.07988,0.07816,0.0768,0.0762,0.0755,0.07519999999999999,0.07524,0.07525,0.07534,0.07564,0.08369,0.09124,0.09603,0.09861,0.09985,0.101268,0.102219,,0.103645
2017-07-31,0.09163,0.08853,0.08643,0.0842,0.08272,0.08130000000000001,0.0809,0.0803,0.08,0.07961,0.07955,0.07965,0.08512,0.0916,0.09626,0.09862,0.10008900000000001,0.101391,0.101957,,0.103142
2017-06-30,0.10060000000000001,0.09698000000000001,0.09438,0.09284,0.09122999999999999,0.08989000000000001,0.08925000000000001,0.08839999999999999,0.08839999999999999,0.0885,0.08839999999999999,0.0883,0.09324,0.09971999999999999,0.10377,0.10595,0.105794,0.106837,0.107452,,0.10864900000000001
2017-05-31,0.10317,0.10174,0.09951,0.09734,0.0955,0.09425,0.09335,0.0924,0.0922,0.09225,0.0919,0.09203,0.09644,0.10202,0.10582000000000001,0.10787000000000001,0.107927,0.10901,0.109566,,0.11065699999999999
2017-04-30,0.11157,0.10689,0.10447,0.10157,0.09929,0.09746,0.09596,0.09518,0.0944,0.09390000000000001,0.09375,0.0933,0.09584,0.09946999999999999,0.10207000000000001,0.10317,0.103064,0.10412300000000001,0.104499,,0.105258
2017-03-31,0.11685000000000001,0.11405,0.11026999999999999,0.10800000000000001,0.10513,0.10331,0.10153000000000001,0.09991,0.09899,0.098,0.09720000000000001,0.0969,0.09564,0.09759999999999999,0.09933,0.10047,0.101049,0.10151,0.101819,,0.10227
2017-02-28,0.12144,0.11954000000000001,0.11724,0.11436,0.11214,0.10986000000000001,0.10778,0.1061,0.10457000000000001,0.10339999999999999,0.10232,0.10156000000000001,0.09823,0.09959,0.10055,0.10162,0.10321,0.103547,0.103796,,0.10427
2017-01-31,0.12828,0.12497,0.12298,0.11923,0.11836,0.11679,0.11485,0.11336,0.11173999999999999,0.11065,0.10965,0.10865999999999999,0.10445,0.10578,0.10722,0.10874,0.109817,0.110294,0.11058799999999999,,0.111081
2016-12-31,0.13342,0.13180999999999998,0.12973,0.1277,0.12619999999999998,0.12414,0.12219,0.12041,0.11887,0.11757,0.11638,0.1155,0.11071,0.11216,0.11382999999999999,0.11538999999999999,0.116045,0.11585200000000001,0.116232,,0.11661300000000001
2016-11-30,0.13628,0.13504,0.13407,0.13233,0.13105,0.12997,0.12803,0.12686,0.12508,0.12385,0.12271000000000001,0.12161,0.11599999999999999,0.11686,0.11837999999999999,0.11930999999999999,0.11944300000000001,0.119873,0.11999599999999999,,0.12017699999999999
2016-10-31,0.13884,0.13735,0.13605,0.13506,0.13362,0.13238,0.13067,0.12946,0.12792,0.12645,0.1255,0.12442,0.11628,0.11394,0.11336,0.11338,0.113861,0.114216,0.11436199999999999,,0.114709
2016-09-30,0.14035,0.13941,0.13785999999999998,0.13617,0.13492,0.13327999999999998,0.13178,0.13036,0.12897999999999998,0.12728,0.12586,0.12523,0.11766,0.11602,0.11637,0.11675,0.116758,0.117012,0.117115,,0.11737
2016-08-31,0.14125,0.14105,0.14089000000000002,0.14009,0.13923,0.13865,0.13698,0.13581,0.13475,0.13346,0.13226000000000002,0.13116,0.12416,0.122,0.12176000000000001,0.12192,0.120918,0.121441,0.121762,,0.121848
2016-07-31,0.1413,0.14124,0.14101,0.14093999999999998,0.13995,0.13903000000000001,0.13835,0.13706,0.13608,0.13501,0.13419,0.13330999999999998,0.12573,0.12258,0.12136,0.12081,0.11982,0.120092,0.120194,,0.120391
2016-06-30,0.1412,0.1412,0.14105,0.14044,0.14024,0.13915,0.13756000000000002,0.13683,0.13596,0.13468,0.13353,0.13303,0.12598,0.12347,0.12268000000000001,0.12218,0.12167299999999999,0.122349,0.12272,,0.123082
2016-05-31,0.14117000000000002,0.14090999999999998,0.14075,0.13971999999999998,0.1388,0.1384,0.13653,0.13506,0.13390000000000002,0.13318,0.13247,0.13167,0.12747999999999998,0.12737,0.12755,0.1276,0.128873,0.12939299999999998,0.129881,,0.13042299999999998
2016-04-30,0.14132,0.14098,0.14068,0.14016,0.13942,0.13881,0.13798,0.1363,0.13587,0.13507,0.13341,0.13244999999999998,0.12716,0.12677,0.12682000000000002,0.12737,0.124469,0.12489800000000001,0.125283,,0.125782
2016-03-31,0.14131,0.14122,0.14093999999999998,0.14045,0.14003,0.13981,0.13953,0.1384,0.13772,0.13673,0.1366,0.13641,0.13521,0.13577,0.13563,0.13485,0.139328,0.139895,0.140475,,0.141253
2016-02-29,0.14159,0.14172,0.14208,0.14209,0.14238,0.14241,0.1424,0.1424,0.14236000000000001,0.14224,0.14257999999999998,0.14288,0.14793,0.15384,0.15654,0.15776,0.156108,0.156843,0.157166,,0.158437
2016-01-31,0.14139,0.14203,0.14248,0.14257999999999998,0.14295,0.14353,0.14411,0.14375,0.14432,0.1448,0.14459,0.14543,0.15224000000000001,0.15894,0.16115,0.16167,0.1594,0.159597,0.15970700000000002,,0.160195
2015-12-31,0.14291,0.1446,0.147,0.1487,0.15039999999999998,0.1514,0.1534,0.1548,0.1559,0.1573,0.1582,0.1582,0.16462,0.16661,0.16621,0.1653,0.166355,0.16599599999999998,0.165735,,0.165306
2015-11-30,0.14157999999999998,0.1425,0.14398999999999998,0.14599,0.14763,0.14949,0.15137,0.15222,0.15309,0.15539,0.15605,0.15603,0.16094999999999998,0.16152,0.16036999999999998,0.15914999999999999,0.160352,0.159551,0.159398,,0.15923600000000002
2015-10-31,0.14163,0.1424,0.14382,0.14488,0.14643,0.14763,0.14907,0.1502,0.15119,0.15218,0.15283,0.15278,0.158,0.16008,0.15997999999999998,0.1597,0.15987099999999999,0.159606,0.159504,,0.159414
2015-09-30,0.14301,0.14507,0.1483,0.14972,0.15037,0.15380000000000002,0.15434,0.15559,0.15722,0.15664,0.15759,0.15814,0.16243,0.16259,0.16203,0.16106,0.15701,0.156448,0.156205,,0.15597
2015-08-31,0.14145,0.14168,0.14189,0.14215,0.14237,0.1425,0.14252,0.1427,0.14259,0.14246999999999999,0.14196,0.14168,0.13848000000000002,0.13812,0.13797,0.13721,0.141216,0.141199,0.14129899999999998,,0.141511
2015-07-31,0.14154,0.14168,0.1419,0.1418,0.1419,0.14157,0.14150000000000001,0.14125,0.14092000000000002,0.14115,0.13965,0.13849999999999998,0.13109,0.12914,0.12859,0.12852,0.127963,0.12798500000000002,0.128113,,0.12829000000000002
2015-06-30,0.13679,0.13864,0.14029999999999998,0.14116,0.142,0.14246,0.14264,0.14295,0.14316,0.14315,0.14298,0.14271,0.13591,0.13083,0.12853,0.12696,0.127255,0.126829,0.126677,,0.12645
2015-05-31,0.13503,0.13577999999999998,0.13684,0.13772,0.13809,0.1383,0.13855,0.13837,0.13831,0.13832,0.13794,0.13754,0.13052,0.12707000000000002,0.1244,0.12380000000000001,0.124266,0.12376,0.12351000000000001,,0.123317
2015-04-30,0.13108,0.13268000000000002,0.13376,0.1348,0.13562,0.13613,0.13649,0.13676,0.13688,0.13689,0.13684,0.13679,0.13366,0.131,0.12933,0.12775999999999998,0.128517,0.127966,0.12753899999999999,,0.126601
2015-03-31,0.12614,0.1281,0.13011,0.13154,0.13295,0.13376,0.13458,0.13470000000000001,0.13492,0.13533,0.13529,0.13531,0.13343,0.13199,0.13105,0.1301,0.130086,0.129633,0.129406,,0.129343
2015-02-28,0.12448000000000001,0.12534,0.1268,0.12779,0.12857,0.12912,0.12963,0.12984,0.13015000000000002,0.13036,0.13052,0.13057,0.12707000000000002,0.12484999999999999,0.12405,0.12279,0.123391,0.12293699999999999,0.122609,,0.122152
2015-01-31,0.12079000000000001,0.12267,0.12355000000000001,0.12430999999999999,0.12531,0.12614,0.12662,0.12698,0.12732,0.12761,0.12781,0.12787,0.12462999999999999,0.12228,0.12136,0.12011,0.118344,0.118253,0.11838599999999999,,0.118495
2014-12-31,0.11768,0.11958,0.12219,0.12398999999999999,0.12521000000000002,0.12616,0.12711,0.12791,0.1286,0.12913,0.12952,0.12983,0.12966,0.12859,0.12762,0.12587,0.12202600000000001,0.122309,0.12230600000000001,,0.121925
2014-11-30,0.11473000000000001,0.11611,0.11745,0.1193,0.12050000000000001,0.12132,0.122,0.12276,0.12343,0.12397,0.12433,0.12452999999999999,0.12237,0.11993999999999999,0.11898999999999998,0.11742000000000001,0.116319,0.11630499999999999,0.116158,,0.11597099999999999
2014-10-31,0.11074999999999999,0.11272,0.11401,0.11521,0.11671,0.11775000000000001,0.11853,0.11929000000000001,0.12018000000000001,0.12096,0.1216,0.12202,0.12316,0.12295,0.1223,0.12073,0.119662,0.11950699999999999,0.11963900000000001,,0.119692
2014-09-30,0.10835,0.10865,0.10945,0.11047000000000001,0.11134000000000001,0.1124,0.11336,0.1143,0.1153,0.11637,0.11728,0.11807000000000001,0.12261,0.12312,0.12336,0.12255,0.12176500000000001,0.121668,0.121847,,0.12217599999999999
2014-08-31,0.10803000000000001,0.10796,0.10795,0.10785,0.10808999999999999,0.1085,0.10907,0.10949,0.10983000000000001,0.11016999999999999,0.11057,0.11096,0.11234999999999999,0.11201,0.11198000000000001,0.11099,0.11135300000000001,0.111479,0.111553,,0.111305
2014-07-31,0.10812,0.10794000000000001,0.10795,0.10787000000000001,0.10775,0.10776,0.10787000000000001,0.10811,0.1084,0.10875,0.10917,0.10968,0.11391,0.11602,0.11763,0.1177,0.118162,0.118407,0.11876099999999999,,0.119657
2014-06-30,0.10814,0.10816,0.10786,0.10768000000000001,0.10768000000000001,0.10775,0.10785,0.10796,0.10817,0.10846,0.10880000000000001,0.10919000000000001,0.11416,0.11683,0.11874000000000001,0.11956,0.120726,0.121039,0.121183,,0.12177199999999999
2014-05-31,0.10813,0.1082,0.10825,0.10835,0.10833999999999999,0.10830999999999999,0.10840999999999999,0.10876,0.10919000000000001,0.10981,0.11039,0.11096,0.11526,0.11667999999999999,0.11806,0.11884,0.119879,0.120194,0.12035399999999999,,0.120971
2014-04-30,0.10826000000000001,0.10852,0.10888999999999999,0.10906,0.10923999999999999,0.10938,0.10955,0.10992,0.11062,0.11137999999999999,0.11245,0.11348000000000001,0.12107,0.12300000000000001,0.12423999999999999,0.1246,0.125677,0.126134,0.126385,,0.126937
2014-03-31,0.10743,0.10769999999999999,0.10808999999999999,0.10872,0.10918,0.10962999999999999,0.11012000000000001,0.11063,0.11128,0.11214,0.11294,0.114,0.12255,0.12517,0.12662,0.12727,0.128349,0.128687,0.12889799999999998,,0.12938
2014-02-28,0.10567,0.10622999999999999,0.10698,0.10768000000000001,0.10839,0.10893000000000001,0.10938,0.10976000000000001,0.11013,0.11068,0.11153,0.11234999999999999,0.12025999999999999,0.12313,0.12469,0.12564,0.126827,0.127392,0.127639,,0.12816
2014-01-31,0.10339000000000001,0.10552,0.10731,0.10879,0.11016999999999999,0.11164999999999999,0.11286,0.11391,0.11473000000000001,0.11532999999999999,0.11598000000000001,0.11681,0.12558999999999998,0.12935,0.13108,0.1321,0.134178,0.134582,0.134799,,0.135283
2013-12-31,0.09957,0.10053000000000001,0.10118,0.10194,0.10246000000000001,0.10276999999999999,0.10332000000000001,0.10396000000000001,0.10427,0.10454000000000001,0.10511,0.10558999999999999,0.11632999999999999,0.12251,0.12603,0.12808999999999998,0.130645,0.130891,0.13100799999999999,,0.131521
2013-11-30,0.09778,0.09876,0.09968,0.10053000000000001,0.10152,0.10226,0.10274,0.10340999999999999,0.10414,0.10456,0.10493999999999999,0.10571,0.11692,0.12138,0.12408,0.1259,0.12806599999999999,0.128501,0.128753,,0.12918200000000002
2013-10-31,0.09366,0.0959,0.09759999999999999,0.09887,0.0998,0.10087,0.1017,0.107486,0.10294,0.10361000000000001,0.10401999999999999,0.10518000000000001,0.11158,0.11465,0.11635,0.11778000000000001,0.118377,0.118506,0.118651,,0.118884
2013-09-30,0.09118,0.09203,0.09359,0.09494999999999999,0.09592,0.09634999999999999,0.09731,0.09812,0.09868,0.09948,0.10037000000000001,0.10127000000000001,0.10987,0.11449999999999999,0.11589,0.1173,0.118103,0.118346,0.11839499999999999,,0.118482
2013-08-31,0.08728,0.08923,0.09051999999999999,0.09256,0.09432,0.09557,0.09628,0.09772,0.09897,0.09987,0.10071,0.10141,0.11145,0.11738,0.11907999999999999,0.12066,0.121231,0.12167199999999999,0.121752,,0.121846
2013-07-31,0.08265,0.08456,0.086426,0.08778999999999999,0.08871000000000001,0.08951,0.09011,0.09067,0.09134,0.09207000000000001,0.09272,0.09330999999999999,0.10164,0.10751,0.10962999999999999,0.11034000000000001,0.110839,0.11117800000000001,0.11125,,0.11134499999999999
2013-06-30,0.08103999999999999,0.082343,0.084176,0.08893100000000001,0.08813,0.08911,0.09000999999999999,0.09074,0.09146000000000001,0.09231,0.09324,0.09406,0.10256,0.10819000000000001,0.1104,0.11002,0.112699,0.112883,0.113019,,0.11327899999999999
2013-05-31,0.07719000000000001,0.07888,0.08004,0.08129,0.08262,0.08359,0.08422,0.0848,0.08524,0.08563000000000001,0.08603,0.08644,0.09078,0.09513999999999999,0.09781000000000001,0.09398,0.102777,0.10359199999999999,0.10398199999999999,,0.104451
2013-04-30,0.07241,0.07418999999999999,0.0756,0.07673,0.07761,0.07828,0.07875,0.07904,0.0793,0.07953,0.07978,0.08012000000000001,0.084,0.08705,0.08894,0.09058999999999999,0.093382,0.094039,0.09475,,0.09534100000000001
2013-03-31,0.07021,0.07048,0.07150000000000001,0.07291,0.07404,0.07454,0.07561,0.0767,0.07742,0.07806,0.07854,0.07902,0.08608,0.09074,0.09364,0.09555,0.09889200000000001,0.099559,0.099883,,0.100449
2013-02-28,0.07028,0.0706,0.07105,0.0722,0.07336000000000001,0.07426,0.07477,0.07545,0.081608,0.083439,0.07693,0.07728,0.08413,0.08878,0.09105,0.09265000000000001,0.094857,0.09564399999999999,0.096284,,0.096539
2013-01-31,0.06983,0.06985000000000001,0.0701,0.0703,0.07044,0.07072,0.07097,0.07110999999999999,0.07146,0.080923,0.082377,0.07251,0.08003,0.08535,0.08864000000000001,0.09065,0.094215,0.09518800000000001,0.095685,,0.096092
2012-12-31,0.06974,0.06999,0.07059,0.07082,0.07075999999999999,0.07088,0.07098,0.07106,0.07110999999999999,0.07122,0.07131,0.07136,0.07707,0.08188000000000001,0.08439999999999999,0.08639,0.089904,0.09077500000000001,0.09121,,0.091748
2012-11-30,0.07089000000000001,0.07057000000000001,0.07044,0.07046000000000001,0.07046999999999999,0.07048,0.07049,0.07062,0.07077,0.07084,0.07121000000000001,0.07155,0.07725,0.083,0.08656000000000001,0.08872,0.091781,0.092487,0.09295,,0.09378600000000001
2012-10-31,0.07096,0.07099,0.07089000000000001,0.07072,0.071,0.07116,0.07113,0.07123,0.07153,0.07184,0.07200999999999999,0.07252,0.07749,0.08148999999999999,0.08465,0.08635999999999999,0.09040200000000001,0.091016,0.091458,,0.092285
2012-09-30,0.07293,0.07272,0.07257,0.07244,0.07246999999999999,0.07259,0.079137,0.080644,0.082187,0.08341599999999999,0.084623,0.07466,0.08152,0.08596,0.08939,0.09165,0.096752,0.097612,0.098158,,0.09896100000000001
2012-08-31,0.07348,0.07307999999999999,0.07287,0.07264999999999999,0.07256,0.07259,0.077958,0.080215,0.081829,0.08317999999999999,0.084323,0.07468,0.08260999999999999,0.08646000000000001,0.0891,0.09104,0.09598599999999999,0.09596,0.09687799999999999,,0.097396
2012-07-31,0.07806,0.07647999999999999,0.07511,0.07427,0.07377,0.07348,0.078232,0.08006500000000001,0.081631,0.082856,0.083541,0.07431,0.08178,0.08595000000000001,0.08926,0.09133,0.095374,0.095833,0.09681200000000001,,0.098353
2012-06-30,0.08089,0.07979,0.07831,0.075624,0.075664,0.07638,0.078737,0.080244,0.081654,0.08342100000000001,0.084844,0.0758,0.08162000000000001,0.08746000000000001,0.09162000000000001,0.09462,0.099549,0.10012499999999999,0.101379,,0.102706
